id,category,element,specific_element,assessment,grade,repository,file,repository_created,file_added_committer_date,evidence_in_export,assessment_detail,comparison_sources,archive_file_link,catalog_number
1,Funding and verification,Donor-intent execution,"Signed allocations executed through splits, streams and bridges, with escrow on failure and no silent rerouting.",Narrow combination to investigate,A,Donor_Intent_Router,README.md,2025-08-15T22:45:13Z,2025-08-15T15:43:57-07:00,Source code present (not tested),The exact failure-handling and adapter contract is the candidate; signed messages and milestone donations have predecessors.,https://eips.ethereum.org/EIPS/eip-712; https://github.com/Giveth/milestonetracker,https://github.com/therickyfoster/Donor_Intent_Router/blob/main/README.md,1
2,Funding and verification,Document-and-code upgrade guard,Dual document hashes combined with an allow-list of implementation code hashes and fail-closed upgrades.,Narrow combination to investigate,A,smart_contracts,README.md,2025-10-21T03:57:15Z,2025-10-20T21:57:16-06:00,Source code present (not tested),A concrete integrity integration; hashes do not prove that code implements the document's meaning.,https://arxiv.org/html/2408.06478,https://github.com/therickyfoster/smart_contracts/blob/main/README.md,2
3,Funding and verification,Aid-access escrow,Guardian-verified humanitarian access or delivery milestones govern release of escrowed funds.,Narrow combination to investigate,A,aid_access_escrow_v2,README.md,2025-10-18T22:23:41Z,2025-10-18T20:34:38-06:00,Document or interface proposal; claimed capability not independently demonstrated,Investigate access-specific evidence and disputes; outcome-conditioned charity payments already existed.,https://github.com/Giveth/milestonetracker; https://github.com/alice-si/contracts,https://github.com/therickyfoster/aid_access_escrow_v2/blob/main/README.md,3
4,Funding and verification,Policy-to-payment pipeline,Translate spending policies into reviewable Safe transaction bundles with caps and governance gates.,Precedented ingredients / application design,B,funding-influx-pipeline,README.md,2025-08-14T11:25:33Z,2025-08-14T01:24:11-07:00,Source code present (not tested),Implementation/integration candidate; no independent first-in-class finding.,https://eips.ethereum.org/EIPS/eip-712,https://github.com/therickyfoster/funding-influx-pipeline/blob/main/README.md,4
5,Funding and verification,Sequential Proof Stacks,"IPFS/Arweave replication, parent-linked records, multiple timestamp anchors and offline verification bundles.",Precedented ingredients / application design,B,immusion,README.md,2025-09-08T01:29:27Z,2025-09-07T18:29:28-07:00,Document or interface proposal; claimed capability not independently demonstrated,A packaging and interoperability candidate; nested and multi-source timestamp proofs predate it.,https://lists.w3.org/Archives/Public/public-blockchain/2016Sep/0064.html,https://github.com/therickyfoster/immusion/blob/main/README.md,5
6,Funding and verification,Repository notarization workflow,Automatically hash and timestamp repository material and publish verification artifacts.,Precedented ingredients / application design,B,global-notarization,README.md,2025-07-23T11:31:40Z,2025-07-23T05:31:40-06:00,Document or interface proposal; claimed capability not independently demonstrated,Workflow convenience is the possible contribution; timestamping is established.,https://lists.w3.org/Archives/Public/public-blockchain/2016Sep/0064.html,https://github.com/therickyfoster/global-notarization/blob/main/README.md,6
7,Funding and verification,Conditional immutable storage,"Keep verifiable records while releasing access according to time, votes or other conditions.",Precedented ingredients / application design,B,conditional-immutable-storage,README.md,2025-07-29T03:20:07Z,2025-07-28T21:20:07-06:00,Document or interface proposal; claimed capability not independently demonstrated,Decentralized conditional decryption was documented by 2022; this repository is thin.,https://spark.litprotocol.com/working-with-decentralized-access-control/,https://github.com/therickyfoster/conditional-immutable-storage/blob/main/README.md,7
8,Funding and verification,Proof-of-growth funding loops,Tie restoration funding and land-regeneration incentives to measured growth.,Precedented ingredients / application design,B,planetary-restoration-archive,innovations/regenerative-economics/003-tokenized-terra-loops/README.md,2025-07-05T23:29:31Z,2025-07-06T04:55:24-06:00,Document or interface proposal; claimed capability not independently demonstrated,Ecological verification and credit infrastructure have close predecessors; local document is a short concept.,https://registry-program-guide.regen.network/,https://github.com/therickyfoster/planetary-restoration-archive/blob/main/innovations/regenerative-economics/003-tokenized-terra-loops/README.md,8
9,Funding and verification,Debt-to-soil conversion,Express debt relief or conversion through soil-restoration commitments and DAO accounting.,Precedented ingredients / application design,B,planetary-restoration-archive,innovations/regenerative-economics/004-debt-to-soil-engine/README.md,2025-07-05T23:29:31Z,2025-07-06T04:55:24-06:00,Document or interface proposal; claimed capability not independently demonstrated,A proposed metric/application of earlier debt-for-nature approaches.,https://wfpc.sanford.duke.edu/podcasts/revamping-debt-for-nature-swaps-could-support-resilient-food-systems/; https://registry-program-guide.regen.network/,https://github.com/therickyfoster/planetary-restoration-archive/blob/main/innovations/regenerative-economics/004-debt-to-soil-engine/README.md,9
10,Funding and verification,Carbon-behavior oracle,Use an oracle to validate carbon-sink activities and close an incentive loop.,Precedented ingredients / application design,B,planetary-restoration-archive,innovations/regenerative-economics/005-circular-carbon-credit-oracle/README.md,2025-07-05T23:29:31Z,2025-07-06T04:55:24-06:00,Document or interface proposal; claimed capability not independently demonstrated,Specific verification method is insufficiently detailed to claim a new oracle.,https://registry-program-guide.regen.network/,https://github.com/therickyfoster/planetary-restoration-archive/blob/main/innovations/regenerative-economics/005-circular-carbon-credit-oracle/README.md,10
11,Funding and verification,Multispecies restoration dividends,Reward rewilding through local-DAO dividend distribution.,Precedented ingredients / application design,B,planetary-restoration-archive,innovations/regenerative-economics/006-multispecies-dividend-distributor/README.md,2025-07-05T23:29:31Z,2025-07-06T04:55:24-06:00,Document or interface proposal; claimed capability not independently demonstrated,Potential incentive design; biodiversity measurement and beneficiary rules need definition.,https://registry-program-guide.regen.network/,https://github.com/therickyfoster/planetary-restoration-archive/blob/main/innovations/regenerative-economics/006-multispecies-dividend-distributor/README.md,11
12,Funding and verification,Arbitrage-funded restoration,Redirect trading/arbitrage revenue into ecological work.,Too thin or unresolved,C,planetary-restoration-archive,innovations/regenerative-economics/002-bioeconomic-arbitrage-mesh/README.md,2025-07-05T23:29:31Z,2025-07-06T04:55:24-06:00,Document or interface proposal; claimed capability not independently demonstrated,"Funding allocation concept, not a demonstrated new trading or restoration mechanism.",,https://github.com/therickyfoster/planetary-restoration-archive/blob/main/innovations/regenerative-economics/002-bioeconomic-arbitrage-mesh/README.md,12
13,Media and civic participation,Privacy-before-provenance field media,"Redact identifying content before signing and archiving, with consent, location/time fuzzing and emergency blackout.",Narrow combination to investigate,A,herolens,README.md,2025-08-23T18:13:10Z,2025-08-23T12:13:52-06:00,Document or interface proposal; claimed capability not independently demonstrated,The integrated order of operations and failure behavior deserve comparison; both privacy editing and signed evidence have antecedents.,https://guardianproject.info/2017/02/24/combating-fake-news-with-a-smartphone-proof-mode/; https://guardianproject.info/apps/org.witness.sscphase1.iw/,https://github.com/therickyfoster/herolens/blob/main/README.md,13
14,Media and civic participation,Service-to-proof-to-funding media loop,"Link recorded public service, verifiable evidence and livestream support for regeneration.",Narrow combination to investigate,A,herolens,README.md,2025-08-23T18:13:10Z,2025-08-23T12:13:52-06:00,Document or interface proposal; claimed capability not independently demonstrated,A product/workflow combination; full operational system not demonstrated in the early repo.,https://guardianproject.info/2017/02/24/combating-fake-news-with-a-smartphone-proof-mode/; https://github.com/alice-si/contracts,https://github.com/therickyfoster/herolens/blob/main/README.md,14
15,Media and civic participation,Portable deliberation packs,"Local deliberation, spectrum voting, role weighting and manually shared discussion packs.",Narrow combination to investigate,A,lego_war_on_narratives,index.html,2026-01-28T18:16:29Z,2026-01-28T13:16:51-05:00,Document or interface proposal; claimed capability not independently demonstrated,"Investigate the offline exchange and reconciliation rules, not voting as a new concept.",https://decidim.org/blog/2017-10-09-estreno-web/; https://www.oecd.org/en/publications/tackling-civic-participation-challenges-with-emerging-technologies_ec2ca9a2-en.html,https://github.com/therickyfoster/lego_war_on_narratives/blob/main/index.html,15
16,Media and civic participation,Civic participation cascades,"Connect small civic actions, collective feedback and intrinsic motivation while addressing burnout.",Precedented ingredients / application design,B,democratic_cascades,README.md,2026-01-27T16:08:51Z,2026-01-27T11:11:46-05:00,Document or interface proposal; claimed capability not independently demonstrated,Research synthesis and interaction design; the repository acknowledges civic-tech predecessors.,https://decidim.org/blog/2017-10-09-estreno-web/; https://www.oecd.org/en/publications/tackling-civic-participation-challenges-with-emerging-technologies_ec2ca9a2-en.html,https://github.com/therickyfoster/democratic_cascades/blob/main/README.md,16
17,Media and civic participation,Seasonal stewardship identity,"Mnemonic vows, locally stored memory, seasonal roles and community rituals as an engagement interface.",Narrow combination to investigate,A,community_engagement,README.md,2025-12-01T21:17:02Z,2025-12-01T14:18:45-07:00,Document or interface proposal; claimed capability not independently demonstrated,Distinctive interaction package; cultural memory and seasonal practice are established.,https://www.unesco.org/en/links/transmission,https://github.com/therickyfoster/community_engagement/blob/main/README.md,17
18,Media and civic participation,Cross-border ecological story exchange,Russian/Ukrainian/English restoration stories and seed-path activities organized as a shared participation framework.,Narrow combination to investigate,A,seed_paths_unity,README.md,2025-12-02T15:49:46Z,2025-12-03T17:32:27-07:00,Document or interface proposal; claimed capability not independently demonstrated,"Candidate for a specific delivery model, not the origin of environmental peacebuilding.",https://www.unesco.org/en/links/transmission; https://www.oecd.org/en/publications/tackling-civic-participation-challenges-with-emerging-technologies_ec2ca9a2-en.html,https://github.com/therickyfoster/seed_paths_unity/blob/main/README.md,18
19,Media and civic participation,Portable peacebuilding module library,"Standalone browser modules combine civilian cooperation, ecological restoration and peace education.",Precedented ingredients / application design,B,peaceweaver,README.md,2025-12-02T16:04:15Z,2025-12-04T10:28:04-07:00,Document or interface proposal; claimed capability not independently demonstrated,Assess curriculum and localized workflow originality; independent outcomes not verified.,https://www.oecd.org/en/publications/tackling-civic-participation-challenges-with-emerging-technologies_ec2ca9a2-en.html,https://github.com/therickyfoster/peaceweaver/blob/main/README.md,19
20,Media and civic participation,Wisdom-to-action archive,Turn elder interviews and lived experience into community learning and continuity practices.,Precedented ingredients / application design,B,intergenerational-wisdom-movement,README.md,2025-08-03T00:33:38Z,2025-08-02T18:33:38-06:00,Document or interface proposal; claimed capability not independently demonstrated,Intergenerational knowledge transmission has strong earlier institutional precedents.,https://www.unesco.org/en/links/transmission,https://github.com/therickyfoster/intergenerational-wisdom-movement/blob/main/README.md,20
21,Media and civic participation,Local broadcasting workspace,"Browser capture, broadcasting controls, analytics and engagement features in a portable workspace.",Precedented ingredients / application design,B,stream_sanctuary,docs/README.md,2025-11-27T00:14:49Z,2025-11-27T04:14:46-07:00,Document or interface proposal; claimed capability not independently demonstrated,Application integration; offline controls do not make remote broadcasting possible without a network.,,https://github.com/therickyfoster/stream_sanctuary/blob/main/docs/README.md,21
22,Media and civic participation,Reusable stewardship story engine,Branching stories and reusable interactive modules with local progress and mythic presentation.,Precedented ingredients / application design,B,storm_story_framework,README.md,2025-11-27T13:14:24Z,2025-11-27T06:15:26-07:00,Document or interface proposal; claimed capability not independently demonstrated,Product/curriculum design candidate; no dedicated historical storytelling-engine search completed.,,https://github.com/therickyfoster/storm_story_framework/blob/main/README.md,22
23,Media and civic participation,Offline Arabic story personalization,Arabic RTL narrative interface with user-controlled character-name personalization and local use.,Precedented ingredients / application design,B,aladdin,index.html,2025-12-23T01:26:39Z,2025-12-22T18:48:22-07:00,Document or interface proposal; claimed capability not independently demonstrated,Localization and packaging candidate; no global priority established.,,https://github.com/therickyfoster/aladdin/blob/main/index.html,23
24,Media and civic participation,Offline text obfuscation interface,Local text transformation/anonymization with model references beside a standalone HTML interface.,Too thin or unresolved,C,VeilText,index.html,2025-08-16T10:42:32Z,2025-08-16T03:45:14-07:00,Document or interface proposal; claimed capability not independently demonstrated,Need working model integration and privacy evaluation before treating this as a technical advance.,,https://github.com/therickyfoster/VeilText/blob/main/index.html,24
25,Governance and settlement,Capacity-gated restoration settlement,"Combine voluntary settlement, restoration training/jobs, housing buffers, wage parity and intake throttles.",Narrow combination to investigate,A,restoration_visas,v1/alignment/index.html,2026-01-28T09:35:03Z,2026-01-28T05:05:38-05:00,Document or interface proposal; claimed capability not independently demonstrated,The explicit capacity and rights constraints are the narrower candidate; refugee restoration employment predates it.,https://journals.library.columbia.edu/index.php/consilience/article/download/3882/1663/6657; https://prospectslearnings.ilo.org/interventions/employment-intensive-investment-programmes-eiip/local-applications,https://github.com/therickyfoster/restoration_visas/blob/main/v1/alignment/index.html,25
26,Governance and settlement,Integration through biosphere participation,Community restoration earns recognition and participation benefits while building newcomer connections.,Precedented ingredients / application design,B,newcomer_biosphere_initiative,index.html,2025-12-27T23:37:25Z,2025-12-27T16:38:47-07:00,Document or interface proposal; claimed capability not independently demonstrated,Program design with close earlier conservation-employment models.,https://journals.library.columbia.edu/index.php/consilience/article/download/3882/1663/6657; https://prospectslearnings.ilo.org/interventions/employment-intensive-investment-programmes-eiip/local-applications,https://github.com/therickyfoster/newcomer_biosphere_initiative/blob/main/index.html,26
27,Governance and settlement,Orchards as economic-exit infrastructure,"Channel voluntary economic/trade unwinding into nurseries, food corridors, perennial assets and yield sharing.",Narrow combination to investigate,A,our_debt_deep_dive,regen/index.html,2026-01-25T16:08:30Z,2026-01-25T13:48:37-05:00,Document or interface proposal; claimed capability not independently demonstrated,The exit-transition arrangement is narrower than debt-for-nature; financing and implementation remain unverified.,https://wfpc.sanford.duke.edu/podcasts/revamping-debt-for-nature-swaps-could-support-resilient-food-systems/,https://github.com/therickyfoster/our_debt_deep_dive/blob/main/regen/index.html,27
28,Governance and settlement,Settlement-to-food-forest planning,"Pair voluntary urban-to-rural relocation with land matching, agroforestry and impact estimation.",Precedented ingredients / application design,B,urban_dispersion_edible_reforestation,v1/index.html,2026-02-05T19:20:43Z,2026-02-05T14:21:20-05:00,Document or interface proposal; claimed capability not independently demonstrated,"A settlement/application combination, not a new agroforestry principle.",https://journals.library.columbia.edu/index.php/consilience/article/download/3882/1663/6657; https://wfpc.sanford.duke.edu/podcasts/revamping-debt-for-nature-swaps-could-support-resilient-food-systems/,https://github.com/therickyfoster/urban_dispersion_edible_reforestation/blob/main/v1/index.html,28
29,Governance and settlement,Oversight through institutional drift,"Use variance, delay, concentration and outcome drift to trigger review and sunset decisions.",Narrow combination to investigate,A,institutional_integrity_acceleration,observatory/index.html,2026-02-02T14:55:40Z,2026-02-02T10:34:43-05:00,Document or interface proposal; claimed capability not independently demonstrated,The indicator definitions and action thresholds are the testable candidate; displayed scores are not verified live measurements.,https://www.oecd.org/en/publications/2025/06/governing-with-artificial-intelligence_398fa287/full-report/ai-in-fighting-corruption-and-promoting-public-integrity_60f5c50a.html,https://github.com/therickyfoster/institutional_integrity_acceleration/blob/main/observatory/index.html,29
30,Governance and settlement,Transparent bill-risk score,"Expose weighted transparency, speed, scope, reversibility, consultation and rights-related criteria.",Precedented ingredients / application design,B,canadian_civil_oversight,index.html,2026-02-04T15:33:36Z,2026-02-04T10:33:51-05:00,Document or interface proposal; claimed capability not independently demonstrated,A scoring rubric and explanatory interface; weights require validation.,https://www.oecd.org/en/publications/2025/06/governing-with-artificial-intelligence_398fa287/full-report/ai-in-fighting-corruption-and-promoting-public-integrity_60f5c50a.html,https://github.com/therickyfoster/canadian_civil_oversight/blob/main/index.html,30
31,Governance and settlement,Unified vulnerability atlas,"Combine planetary boundaries, SDGs and interacting infrastructure/social/ecological risks in a scenario interface.",Precedented ingredients / application design,B,global_vulnerability_atlas,index.html,2025-12-06T18:00:07Z,2025-12-06T11:00:18-07:00,Document or interface proposal; claimed capability not independently demonstrated,Dashboard synthesis; sample data do not demonstrate predictive skill.,https://www.weforum.org/publications/global-risks-report-2023/digest/,https://github.com/therickyfoster/global_vulnerability_atlas/blob/main/index.html,31
32,Governance and settlement,Coupled regional resilience planning,"Model heat, grid, water, housing, health and other systems as linked policy problems.",Precedented ingredients / application design,B,texas_systems_resilience_framework,index.html,2025-12-26T15:19:06Z,2025-12-26T08:19:30-07:00,Document or interface proposal; claimed capability not independently demonstrated,Regional application of systems-risk analysis; no unique validated model established.,https://www.weforum.org/publications/global-risks-report-2023/digest/,https://github.com/therickyfoster/texas_systems_resilience_framework/blob/main/index.html,32
33,Governance and settlement,Portable civic restoration toolkit,"Interconnected offline tools for systems thinking, ecological monitoring and civic action.",Precedented ingredients / application design,B,biospheric_civic_empowerment_platform,README.md,2026-01-27T17:36:13Z,2026-01-27T12:51:14-05:00,Document or interface proposal; claimed capability not independently demonstrated,"Integrated toolkit architecture, not evidence of institutional adoption or a new governance field.",https://decidim.org/blog/2017-10-09-estreno-web/; https://www.weforum.org/publications/global-risks-report-2023/digest/,https://github.com/therickyfoster/biospheric_civic_empowerment_platform/blob/main/README.md,33
34,AI and continuity,Restoration mission orchestration,"Combine AI agents, task coordination, DAO decisions and declared harm constraints for ecological missions.",Precedented ingredients / application design,B,SymbioteOne-Orchestrator,README.md,2025-06-29T13:53:21Z,2025-06-29T12:51:48-04:00,Document or interface proposal; claimed capability not independently demonstrated,Multi-agent orchestration and human-AI collaboration have clear predecessors.,https://www.microsoft.com/en-us/research/articles/magentic-one-a-generalist-multi-agent-system-for-solving-complex-tasks/; https://arxiv.org/html/2403.10433v1,https://github.com/therickyfoster/SymbioteOne-Orchestrator/blob/main/README.md,34
35,AI and continuity,AI collective governance prototype,Connect collective-agent architectures with governance interfaces and prototype feature tracking.,Precedented ingredients / application design,B,ai-collective-governance-architectures,README.md,2025-08-16T05:58:20Z,2025-08-15T22:57:27-07:00,Source code present (not tested),Code/prototype integration candidate; not proof of governmental operation.,https://arxiv.org/html/2403.10433v1; https://www.microsoft.com/en-us/research/articles/magentic-one-a-generalist-multi-agent-system-for-solving-complex-tasks/,https://github.com/therickyfoster/ai-collective-governance-architectures/blob/main/README.md,35
36,AI and continuity,Panel-gated ecological simulation,Require panel review before simulated plans become field-deployment proposals.,Too thin or unresolved,C,cascadulator,README.md,2025-08-11T20:27:10Z,2025-08-11T13:27:11-07:00,Document or interface proposal; claimed capability not independently demonstrated,"Potential governance rule, but README supplies only one sentence of mechanism.",https://www.weforum.org/publications/global-risks-report-2023/digest/,https://github.com/therickyfoster/cascadulator/blob/main/README.md,36
37,AI and continuity,Low-memory distributed reconstruction,Combine chunked/distributed files with AI-assisted reconstruction on limited hardware.,Too thin or unresolved,C,planetary-restoration-archive,innovations/decentralized-file-reconstructor/system_summary.md,2025-07-05T23:29:31Z,2025-07-14T12:45:17-06:00,Document or interface proposal; claimed capability not independently demonstrated,Exact recovery must be separated from generated guesses; no lossless reconstruction advance established.,,https://github.com/therickyfoster/planetary-restoration-archive/blob/main/innovations/decentralized-file-reconstructor/system_summary.md,37
38,AI and continuity,Archive-to-restoration continuity node,"Combine seed/genetic preservation, sensors, fungal restoration and drone-assisted redeployment.",Narrow combination to investigate,A,EdenCore,README.md,2025-06-28T02:38:12Z,2025-06-28T01:32:54-04:00,Document or interface proposal; claimed capability not independently demonstrated,The preservation-to-recovery workflow is the candidate; core deployment code includes placeholders.,https://nationalzoo.si.edu/news/smithsonian-scientists-devise-method-secure-earths-biodiversity-moon,https://github.com/therickyfoster/EdenCore/blob/main/README.md,38
39,AI and continuity,Distributed biosample vaults,"Underground seed/spore/DNA stores with thermal control, repository synchronization and remote recovery.",Precedented ingredients / application design,B,planetary-restoration-archive,innovations/verdantvault/system_summary.md,2025-07-05T23:29:31Z,2025-07-13T16:15:58-04:00,Document or interface proposal; claimed capability not independently demonstrated,Storage/recovery system proposal; distributed conservation archives are not newly established here.,https://nationalzoo.si.edu/news/smithsonian-scientists-devise-method-secure-earths-biodiversity-moon,https://github.com/therickyfoster/planetary-restoration-archive/blob/main/innovations/verdantvault/system_summary.md,39
40,AI and continuity,Lunar continuity package,Combine off-world genetic preservation with broader biosphere/knowledge recovery ambitions.,Precedented ingredients / application design,B,proof,part5,2025-09-04T22:47:34Z,2025-09-04T16:20:47-07:00,Document or interface proposal; claimed capability not independently demonstrated,Smithsonian's lunar biodiversity repository proposal was public in July 2024.,https://nationalzoo.si.edu/news/smithsonian-scientists-devise-method-secure-earths-biodiversity-moon,https://github.com/therickyfoster/proof/blob/main/part5,40
41,AI and continuity,Autonomous continuity terminal,A decentralized terminal intended to preserve access and continuity under institutional or platform failure.,Too thin or unresolved,C,dact,readme.md,2025-07-29T14:51:58Z,2025-08-04T05:31:27-06:00,Document or interface proposal; claimed capability not independently demonstrated,Name/architecture-level proposal; distinct implemented recovery mechanism not established.,https://lists.w3.org/Archives/Public/public-blockchain/2016Sep/0064.html,https://github.com/therickyfoster/dact/blob/main/readme.md,41
42,AI and continuity,Emotion-responsive driving interface,Adapt vehicle behavior using inferred driver emotional state.,Too thin or unresolved,C,VehicleEmotionTether,docs/overview.md,2025-06-29T08:06:18Z,2025-06-29T20:11:56-04:00,Document or interface proposal; claimed capability not independently demonstrated,The inspected emotion function is a simple threshold mock; no validated sensing/control advance established.,,https://github.com/therickyfoster/VehicleEmotionTether/blob/main/docs/overview.md,42
43,Ecological deployment,Precision bicycle seeder package,"Drum hoppers, wheel-synchronized metering, soil opener, dynamo power and optional GPS/Bluetooth.",Narrow combination to investigate,A,goseed-bike,README.md,2025-08-10T00:54:44Z,2025-08-09T18:54:45-06:00,Document or interface proposal; claimed capability not independently demonstrated,"Bicycle sowing predates it; investigate only the detailed mechanism and integration. Performance figures are targets, not verified trials.",https://www.instructables.com/Leave-a-Trail-of-flowers-as-you-cycle-through-the-/; https://www.infoteca.cnptia.embrapa.br/infoteca/bitstream/doc/1069981/1/ID440762015LVmaquinasp83.pdf,https://github.com/therickyfoster/goseed-bike/blob/main/README.md,43
44,Ecological deployment,Impact-triggered nutrient-mist seed pod,"Biodegradable aerial pod combines seeds, microbial inoculants and a proposed local nutrient mist release.",Narrow combination to investigate,A,myco-mist-reforestation-pods,README.md,2025-07-20T20:55:08Z,2025-07-20T14:55:08-06:00,Document or interface proposal; claimed capability not independently demonstrated,"Hydrogel aerial seed encapsulation predates it; the mist actuator, energy source and ecological benefit need proof.",https://doi.org/10.25439/rmt.26981773,https://github.com/therickyfoster/myco-mist-reforestation-pods/blob/main/README.md,44
45,Ecological deployment,Waste-heat fungal cultivation pod,"Igloo-inspired insulation, passive airflow and compost/industrial waste heat maintain a fungal growing environment.",Narrow combination to investigate,A,mycoigloo,README.md,2025-07-17T00:39:39Z,2025-07-16T18:39:39-06:00,Document or interface proposal; claimed capability not independently demonstrated,"Cultivation integration is the candidate. MyGlu shelter was already public June 6, 2025 and serves a different function.",https://pmc.ncbi.nlm.nih.gov/articles/PMC6960271/; https://www.frankfurt-university.de/de/news/n-pressemitteilungen/ausstellung-bauen-mit-myzel-an-der-frankfurt-uas/,https://github.com/therickyfoster/mycoigloo/blob/main/README.md,45
46,Ecological deployment,School-route edible restoration,"Turn recurring walks into mapped seed paths, mycelial planting activities and locally stored progress.",Narrow combination to investigate,A,seed_paths,README.md,2025-12-01T04:15:02Z,2025-11-30T21:20:03-07:00,Document or interface proposal; claimed capability not independently demonstrated,The school-route workflow is the candidate; seed dispersal and experiential environmental learning are not new.,https://www.instructables.com/Leave-a-Trail-of-flowers-as-you-cycle-through-the-/; https://www.unesco.org/en/links/transmission,https://github.com/therickyfoster/seed_paths/blob/main/README.md,46
47,Ecological deployment,Delayed-release cryogenic seed capsules,"Preserved seeds/spores in aerial gel capsules proposed to activate with rainfall, temperature and soil conditions.",Too thin or unresolved,C,planetary-restoration-archive,innovations/fire-recovery-resilience/cryoseedhalo/system_summary.md,2025-07-05T23:29:31Z,2025-07-13T21:50:36-04:00,Document or interface proposal; claimed capability not independently demonstrated,A mechanism proposal; preservation viability and controlled activation not validated.,https://doi.org/10.25439/rmt.26981773,https://github.com/therickyfoster/planetary-restoration-archive/blob/main/innovations/fire-recovery-resilience/cryoseedhalo/system_summary.md,47
48,Ecological deployment,Multi-payload ecological drum dispenser,"Rotating drone cartridge dispenses seed, spore or fire-suppressing gel payloads.",Precedented ingredients / application design,B,planetary-restoration-archive,innovations/biosphere-climate/bioburstdrum/system_summary.md,2025-07-05T23:29:31Z,2025-07-13T21:50:36-04:00,Document or interface proposal; claimed capability not independently demonstrated,Payload integration candidate; claimed rates are not measured evidence.,https://doi.org/10.25439/rmt.26981773; https://www.instructables.com/Leave-a-Trail-of-flowers-as-you-cycle-through-the-/,https://github.com/therickyfoster/planetary-restoration-archive/blob/main/innovations/biosphere-climate/bioburstdrum/system_summary.md,48
49,Ecological deployment,Artificial root-resource lattice,Subsurface lattice intended to redistribute moisture and nutrients among degraded root zones.,Too thin or unresolved,C,planetary-restoration-archive,innovations/intergenerational/rootweaver/system_summary.md,2025-07-05T23:29:31Z,2025-07-13T21:50:36-04:00,Document or interface proposal; claimed capability not independently demonstrated,"Need transport physics, compatibility and field comparisons; broad biomimicry alone is not novelty.",,https://github.com/therickyfoster/planetary-restoration-archive/blob/main/innovations/intergenerational/rootweaver/system_summary.md,49
50,Ecological deployment,Plant-responsive nutrient hydrogel,Root implant senses plant/soil signals and releases nutrients or microbial agents in response.,Narrow combination to investigate,A,planetary-restoration-archive,innovations/terrasage/system_summary.md,2025-07-05T23:29:31Z,2025-07-13T16:15:58-04:00,Document or interface proposal; claimed capability not independently demonstrated,Potential closed-loop architecture; plant sensing predates it and the transducer/release mechanism remains unvalidated.,https://www.science.org/doi/10.1126/sciadv.1501136,https://github.com/therickyfoster/planetary-restoration-archive/blob/main/innovations/terrasage/system_summary.md,50
51,Ecological deployment,Rainfed agroforestry pods,Modular planting units combine water retention and ecological establishment for low-input restoration.,Precedented ingredients / application design,B,planetary-restoration-archive,innovations/reforestation-aggro/modular-rainfed-agroforestry-pods/readme.md,2025-07-05T23:29:31Z,2025-07-13T21:50:36-04:00,Document or interface proposal; claimed capability not independently demonstrated,Specific construction may be distinguishable; no evidence of a new general planting principle.,https://doi.org/10.25439/rmt.26981773,https://github.com/therickyfoster/planetary-restoration-archive/blob/main/innovations/reforestation-aggro/modular-rainfed-agroforestry-pods/readme.md,51
52,Ecological deployment,Winter-first restoration framework,"Organize dormant planting, cold stratification, snowpack and thermal niches as a coherent curriculum.",Precedented ingredients / application design,B,chionophytaics,index.html,2025-12-07T04:41:26Z,2025-12-06T23:44:05-05:00,Document or interface proposal; claimed capability not independently demonstrated,"A proposed label/framework, not evidence of a newly discovered biological process.",https://extension.umn.edu/lawns-and-landscapes-minnesota/dormant-seeding,https://github.com/therickyfoster/chionophytaics/blob/main/index.html,52
53,Ecological deployment,Monitored mutual-benefit partnerships,"Combine organism stewardship, adaptive monitoring and before/after benefit assessment.",Too thin or unresolved,C,controlled_symbiotic_domestication,index.html,2026-02-05T16:41:35Z,2026-02-05T11:41:52-05:00,Document or interface proposal; claimed capability not independently demonstrated,Proposed research framing; the page's claim of formal disciplinary recognition was not substantiated.,,https://github.com/therickyfoster/controlled_symbiotic_domestication/blob/main/index.html,53
54,Water and natural forces,Sediment Shepherd,Passive diversion and biomimetic structures intended to rebuild wetlands using river sediment.,Precedented ingredients / application design,B,planetary-restoration-archive,innovations/biosphere-climate/biospheric-cascade-engine/blueprints/01-sediment-shepherd/readme.md,2025-07-05T23:29:31Z,2025-07-13T21:50:36-04:00,Document or interface proposal; claimed capability not independently demonstrated,Hydrological restoration concept; detailed hydraulic novelty not assessed in a dedicated search.,,https://github.com/therickyfoster/planetary-restoration-archive/blob/main/innovations/biosphere-climate/biospheric-cascade-engine/blueprints/01-sediment-shepherd/readme.md,54
55,Water and natural forces,Tidal Pulse,Use tidal cycles to drive mangrove irrigation and soil revitalization.,Precedented ingredients / application design,B,planetary-restoration-archive,innovations/biosphere-climate/biospheric-cascade-engine/tidal-pulse/readme.md,2025-07-05T23:29:31Z,2025-07-13T21:50:36-04:00,Document or interface proposal; claimed capability not independently demonstrated,Tidal ecology/treatment has antecedents; a specific passive actuator could still merit engineering comparison.,https://doi.org/10.1016/j.scitotenv.2022.155728,https://github.com/therickyfoster/planetary-restoration-archive/blob/main/innovations/biosphere-climate/biospheric-cascade-engine/tidal-pulse/readme.md,55
56,Water and natural forces,GravPulse,Gravity/tide-driven wetland water treatment with biochar media.,Precedented ingredients / application design,B,planetary-restoration-archive,innovations/biosphere-climate/biospheric-cascade-engine/gravpulse/readme.md,2025-07-05T23:29:31Z,2025-07-13T21:50:36-04:00,Document or interface proposal; claimed capability not independently demonstrated,Biochar tidal-flow wetlands were researched before 2025; simulated tidal flow is not necessarily ocean-powered operation.,https://doi.org/10.1016/j.scitotenv.2022.155728,https://github.com/therickyfoster/planetary-restoration-archive/blob/main/innovations/biosphere-climate/biospheric-cascade-engine/gravpulse/readme.md,56
57,Water and natural forces,WaveForge,Use wave motion to aerate hypoxic coastal waters.,Precedented ingredients / application design,B,planetary-restoration-archive,innovations/biosphere-climate/biospheric-cascade-engine/waveforge/readme.md,2025-07-05T23:29:31Z,2025-07-13T21:50:36-04:00,Document or interface proposal; claimed capability not independently demonstrated,Direct earlier wave-aeration research makes the broad first-mover claim untenable.,https://doi.org/10.3390/en11123262,https://github.com/therickyfoster/planetary-restoration-archive/blob/main/innovations/biosphere-climate/biospheric-cascade-engine/waveforge/readme.md,57
58,Water and natural forces,CurrentCourier,Use natural ocean currents to distribute ecological seed pods to marine/coastal restoration areas.,Too thin or unresolved,C,planetary-restoration-archive,innovations/biosphere-climate/biospheric-cascade-engine/currentcourier/readme.md,2025-07-05T23:29:31Z,2025-07-13T21:50:36-04:00,Document or interface proposal; claimed capability not independently demonstrated,Needs species-specific dispersal and retention evidence; a natural transport concept is not a tested delivery system.,https://doi.org/10.25439/rmt.26981773,https://github.com/therickyfoster/planetary-restoration-archive/blob/main/innovations/biosphere-climate/biospheric-cascade-engine/currentcourier/readme.md,58
59,Water and natural forces,FloodHarvest,Divert floodwater into reforestation and soil/mycelial restoration zones.,Precedented ingredients / application design,B,planetary-restoration-archive,innovations/biosphere-climate/biospheric-cascade-engine/floodharvest/readme.md,2025-07-05T23:29:31Z,2025-07-13T21:50:36-04:00,Document or interface proposal; claimed capability not independently demonstrated,Integrated flood/restoration proposal; site-specific hydraulic and contamination handling remain undefined.,,https://github.com/therickyfoster/planetary-restoration-archive/blob/main/innovations/biosphere-climate/biospheric-cascade-engine/floodharvest/readme.md,59
60,Water and natural forces,VortexRoot,Combine river-eddy debris capture with habitat scaffolding.,Narrow combination to investigate,A,planetary-restoration-archive,innovations/biosphere-climate/biospheric-cascade-engine/vortexroot/readme.md,2025-07-05T23:29:31Z,2025-07-13T21:50:36-04:00,Document or interface proposal; claimed capability not independently demonstrated,A specific combined function worth a dedicated prior-art review; this pass did not resolve close mechanical predecessors.,,https://github.com/therickyfoster/planetary-restoration-archive/blob/main/innovations/biosphere-climate/biospheric-cascade-engine/vortexroot/readme.md,60
61,Water and natural forces,ThermoSpiral,Use natural thermal gradients to support passive irrigation and soil remediation.,Too thin or unresolved,C,planetary-restoration-archive,innovations/biosphere-climate/biospheric-cascade-engine/thermospiral/readme.md,2025-07-05T23:29:31Z,2025-07-13T21:50:36-04:00,Document or interface proposal; claimed capability not independently demonstrated,No quantified thermal-to-hydraulic performance established.,https://pmc.ncbi.nlm.nih.gov/articles/PMC8221617/,https://github.com/therickyfoster/planetary-restoration-archive/blob/main/innovations/biosphere-climate/biospheric-cascade-engine/thermospiral/readme.md,61
62,Water and natural forces,AeroHydra,Adaptive moisture-collection mesh with microclimate sensing and control.,Precedented ingredients / application design,B,planetary-restoration-archive,innovations/atmospheric-aerial/aeroweave/readme.md,2025-07-05T23:29:31Z,2025-07-14T23:19:37-06:00,Document or interface proposal; claimed capability not independently demonstrated,Water-harvesting meshes and passive collection have strong precedents; exact controls not validated.,https://pmc.ncbi.nlm.nih.gov/articles/PMC8221617/,https://github.com/therickyfoster/planetary-restoration-archive/blob/main/innovations/atmospheric-aerial/aeroweave/readme.md,62
63,Water and natural forces,Wind-to-water harvester,Combine wind exposure and moisture collection in a decentralized water-harvesting unit.,Precedented ingredients / application design,B,passive-wind-to-water-harvester,README.md,2025-07-20T20:56:02Z,2025-07-20T14:56:02-06:00,Document or interface proposal; claimed capability not independently demonstrated,Energy and humidity constraints need quantification; no first established.,https://pmc.ncbi.nlm.nih.gov/articles/PMC8221617/,https://github.com/therickyfoster/passive-wind-to-water-harvester/blob/main/README.md,63
64,Water and natural forces,Fog veil arrays,Arrange modular fog-catching surfaces for ecological water supply.,Precedented ingredients / application design,B,planetary-restoration-archive,innovations/fire-recovery-resilience/fog-harvester-veil/readme.md,2025-07-05T23:29:31Z,2025-07-13T21:50:36-04:00,Document or interface proposal; claimed capability not independently demonstrated,Collection architecture candidate; no new condensation principle established.,https://pmc.ncbi.nlm.nih.gov/articles/PMC8221617/,https://github.com/therickyfoster/planetary-restoration-archive/blob/main/innovations/fire-recovery-resilience/fog-harvester-veil/readme.md,64
65,Water and natural forces,Solar MycoDesalination Dunes,"Combine solar desalination, dune-form structures and fungal materials in a coastal water system.",Narrow combination to investigate,A,planetary-restoration-archive,innovations/water-desalination/solar-mycodesalination-dunes/readme.md,2025-07-05T23:29:31Z,2025-07-13T21:50:36-04:00,Document or interface proposal; claimed capability not independently demonstrated,Investigate material roles and salt management; fungi alone do not establish desalination capability.,https://pmc.ncbi.nlm.nih.gov/articles/PMC8221617/; https://pmc.ncbi.nlm.nih.gov/articles/PMC6960271/,https://github.com/therickyfoster/planetary-restoration-archive/blob/main/innovations/water-desalination/solar-mycodesalination-dunes/readme.md,65
66,Water and natural forces,HydroLoop,Recycle mist irrigation and capture condensation in a closed-loop growing system.,Precedented ingredients / application design,B,planetary-restoration-archive,innovations/water-desalination/HydroLoop™_FullProject/system_summary.md,2025-07-05T23:29:31Z,2025-07-13T21:50:36-04:00,Document or interface proposal; claimed capability not independently demonstrated,The selected summary is very short; water balance and actual closure are unverified.,https://pmc.ncbi.nlm.nih.gov/articles/PMC8221617/,https://github.com/therickyfoster/planetary-restoration-archive/blob/main/innovations/water-desalination/HydroLoop%E2%84%A2_FullProject/system_summary.md,66
67,Water and natural forces,AquaLens,Floating solar optical sensing with proposed contaminant diagnosis/purification functions.,Too thin or unresolved,C,planetary-restoration-archive,innovations/biosphere-climate/aqualens/system_summary.md,2025-07-05T23:29:31Z,2025-07-13T21:50:36-04:00,Document or interface proposal; claimed capability not independently demonstrated,Optical measurements need contaminant-specific calibration; the full treatment mechanism is not established.,,https://github.com/therickyfoster/planetary-restoration-archive/blob/main/innovations/biosphere-climate/aqualens/system_summary.md,67
68,Water and natural forces,LumaTide integrated ocean platform,"Combine kelp/algae, aquaculture, wave/tidal/solar energy and coastal protection on modular platforms.",Precedented ingredients / application design,B,lumatide-ocean-rings,README.md,2025-07-21T02:37:40Z,2025-07-20T20:37:40-06:00,Document or interface proposal; claimed capability not independently demonstrated,EU multi-use offshore programs predate it; ring geometry and operating integration are the narrower questions.,https://cordis.europa.eu/article/id/92768-offshore-platforms-for-sustainable-development-of-ocean-resources,https://github.com/therickyfoster/lumatide-ocean-rings/blob/main/README.md,68
69,Fire prevention and recovery,Suppression-to-regeneration package,"Combine acoustic suppression, protective hydrogel and fungal/spore restoration payloads.",Narrow combination to investigate,A,symfungi-shield,README.md,2025-06-29T04:22:06Z,2025-06-29T00:47:23-04:00,Document or interface proposal; claimed capability not independently demonstrated,The linked suppression/recovery workflow is the candidate; component technologies predate it.,https://news.stanford.edu/stories/2019/09/new-treatment-prevents-wildfires; https://cec.gmu.edu/news/2015-02/pump-bass-douse-blaze-mason-students-invention-fights-fires,https://github.com/therickyfoster/symfungi-shield/blob/main/README.md,69
70,Fire prevention and recovery,Fixed fire/restoration tower,Stationary environmental response tower integrating fire countermeasures and ecological recovery.,Precedented ingredients / application design,B,vascusweep-tower,README.md,2025-06-29T04:21:26Z,2025-06-29T00:47:18-04:00,Document or interface proposal; claimed capability not independently demonstrated,System proposal; no independent whole-system performance established.,https://news.stanford.edu/stories/2019/09/new-treatment-prevents-wildfires; https://cec.gmu.edu/news/2015-02/pump-bass-douse-blaze-mason-students-invention-fights-fires,https://github.com/therickyfoster/vascusweep-tower/blob/main/README.md,70
71,Fire prevention and recovery,EmberNet,Temperature-responsive mesh with embedded mist or gel release in vegetation corridors.,Narrow combination to investigate,A,planetary-restoration-archive,innovations/fire-recovery-resilience/embernet/system_summary.md,2025-07-05T23:29:31Z,2025-07-13T21:50:36-04:00,Document or interface proposal; claimed capability not independently demonstrated,Deployment geometry and thermal triggering deserve comparison; no validated coverage figures.,https://news.stanford.edu/stories/2019/09/new-treatment-prevents-wildfires,https://github.com/therickyfoster/planetary-restoration-archive/blob/main/innovations/fire-recovery-resilience/embernet/system_summary.md,71
72,Fire prevention and recovery,EmberRoot,Subsurface heat detection followed by localized hydration to interrupt underground fire spread.,Narrow combination to investigate,A,planetary-restoration-archive,innovations/fire-recovery-resilience/emberroot/system_summary.md,2025-07-05T23:29:31Z,2025-07-13T21:50:36-04:00,Document or interface proposal; claimed capability not independently demonstrated,Specific detection-to-delivery architecture; underground effectiveness unverified.,https://news.stanford.edu/stories/2019/09/new-treatment-prevents-wildfires; https://www.dryad.net/post/visionary-forest-owners-sought-to-join-pilot-program-for-ultra-early-wildfire-detection,https://github.com/therickyfoster/planetary-restoration-archive/blob/main/innovations/fire-recovery-resilience/emberroot/system_summary.md,72
73,Fire prevention and recovery,PyroRootCapsule,Root-zone embedded capsule releases expanding suppressant when heated.,Narrow combination to investigate,A,planetary-restoration-archive,innovations/special-projects/pyrorootcapsule/system_summary.md,2025-07-05T23:29:31Z,2025-07-13T21:50:36-04:00,Document or interface proposal; claimed capability not independently demonstrated,"Capsule placement, trigger and release design could be testable distinctions; no deployment proof.",https://news.stanford.edu/stories/2019/09/new-treatment-prevents-wildfires,https://github.com/therickyfoster/planetary-restoration-archive/blob/main/innovations/special-projects/pyrorootcapsule/system_summary.md,73
74,Fire prevention and recovery,FireNest,Repurpose solar garden-light hardware into low-cost thermal/LoRa wildfire warning nodes.,Precedented ingredients / application design,B,planetary-restoration-archive,innovations/fire-recovery-resilience/firenest/system_summary.md,2025-07-05T23:29:31Z,2025-07-13T21:50:36-04:00,Document or interface proposal; claimed capability not independently demonstrated,Low-cost hardware adaptation; solar mesh wildfire sensing existed earlier.,https://www.dryad.net/post/visionary-forest-owners-sought-to-join-pilot-program-for-ultra-early-wildfire-detection,https://github.com/therickyfoster/planetary-restoration-archive/blob/main/innovations/fire-recovery-resilience/firenest/system_summary.md,74
75,Materials and atmospheric systems,Romarine integrated coastal material,"Combine Roman-style concrete, self-healing biology, biochar, solar evaporation/mineral recovery and habitat functions.",Narrow combination to investigate,A,romarine-concrete,README.md,2025-07-21T20:54:59Z,2025-07-21T14:54:59-06:00,Document or interface proposal; claimed capability not independently demonstrated,The composite coastal system is the candidate; material compatibility and advertised output are not validated.,https://doi.org/10.1016/j.jobe.2024.111564; https://pmc.ncbi.nlm.nih.gov/articles/PMC8221617/,https://github.com/therickyfoster/romarine-concrete/blob/main/README.md,75
76,Materials and atmospheric systems,BioWeave,"Combine living mycelial material, reinforcement and conductive elements for responsive/self-healing infrastructure.",Narrow combination to investigate,A,planetary-restoration-archive,innovations/bioweave/system_summary.md,2025-07-05T23:29:31Z,2025-07-14T23:09:16-06:00,Document or interface proposal; claimed capability not independently demonstrated,Specific material stack merits review; no measured structural or self-healing performance established.,https://pmc.ncbi.nlm.nih.gov/articles/PMC6960271/; https://www.frankfurt-university.de/de/news/n-pressemitteilungen/ausstellung-bauen-mit-myzel-an-der-frankfurt-uas/,https://github.com/therickyfoster/planetary-restoration-archive/blob/main/innovations/bioweave/system_summary.md,76
77,Materials and atmospheric systems,MycoFilter tiles,"Modular fungal/biochar filtration material proposed for air, water and soil applications.",Precedented ingredients / application design,B,myco-filter-tiles,README.md,2025-07-20T20:54:04Z,2025-07-20T14:54:05-06:00,Document or interface proposal; claimed capability not independently demonstrated,Fungal biofiltration has strong antecedents; multi-environment interchangeability needs testing.,https://pmc.ncbi.nlm.nih.gov/articles/PMC6960271/,https://github.com/therickyfoster/myco-filter-tiles/blob/main/README.md,77
78,Materials and atmospheric systems,MycoStack industrial retrofit,Adapt industrial structures and waste streams into fungal filtration/restoration infrastructure.,Narrow combination to investigate,A,regenerative-convergence-opportunities,README.md,2025-07-15T21:07:29Z,2025-07-15T15:07:29-06:00,Document or interface proposal; claimed capability not independently demonstrated,"Thermal isolation, contaminant handling and retrofit construction are the narrower candidates.",https://pmc.ncbi.nlm.nih.gov/articles/PMC6960271/,https://github.com/therickyfoster/regenerative-convergence-opportunities/blob/main/README.md,78
79,Materials and atmospheric systems,Atmospheric mycelial towers,Vertical fungal/substrate infrastructure intended to clean ambient air.,Precedented ingredients / application design,B,planetary-restoration-archive,innovations/atmospheric-aerial/atmospheric-mycelial-towers/readme.md,2025-07-05T23:29:31Z,2025-07-13T21:50:36-04:00,Document or interface proposal; claimed capability not independently demonstrated,Fungal gas biofilters predate it; ambient throughput and carbon claims need separate proof.,https://pmc.ncbi.nlm.nih.gov/articles/PMC6960271/,https://github.com/therickyfoster/planetary-restoration-archive/blob/main/innovations/atmospheric-aerial/atmospheric-mycelial-towers/readme.md,79
80,Materials and atmospheric systems,Air-filtration drone swarm,"Coordinate mobile aerial filters, sensing, recharging and environmental missions.",Too thin or unresolved,C,planetary-restoration-archive,innovations/atmospheric-aerial/atmospheric-filtration-drones/readme.md,2025-07-05T23:29:31Z,2025-07-13T21:50:36-04:00,Document or interface proposal; claimed capability not independently demonstrated,System proposal; field-scale mass/energy balance and net environmental gain not established.,https://www.microsoft.com/en-us/research/articles/magentic-one-a-generalist-multi-agent-system-for-solving-complex-tasks/; https://pmc.ncbi.nlm.nih.gov/articles/PMC6960271/,https://github.com/therickyfoster/planetary-restoration-archive/blob/main/innovations/atmospheric-aerial/atmospheric-filtration-drones/readme.md,80
81,Materials and atmospheric systems,Mist-based local air treatment,"Combine ultrasonic mist, ionization, conventional filtration and optional renewable power.",Precedented ingredients / application design,B,CloudNest,README.md,2025-06-27T16:21:25Z,2025-06-27T12:21:26-04:00,Document or interface proposal; claimed capability not independently demonstrated,Nanojet mist air-cleaning technology was exhibited before the archive.,https://www.innova-nanojet.co.uk/post/your-title-what-s-your-blog-about,https://github.com/therickyfoster/CloudNest/blob/main/README.md,81
82,Materials and atmospheric systems,Algal BioLattice panels,Integrate algae cultivation into building panels for environmental and energy functions.,Precedented ingredients / application design,B,planetary-restoration-archive,innovations/biotic-infrastructure/algal-biolattice-panels/readme.md,2025-07-05T23:29:31Z,2025-07-13T21:50:36-04:00,Document or interface proposal; claimed capability not independently demonstrated,Algal bioreactor facades were demonstrated in Hamburg in 2013.,https://www.arup.com/en-us/projects/solarleaf/,https://github.com/therickyfoster/planetary-restoration-archive/blob/main/innovations/biotic-infrastructure/algal-biolattice-panels/readme.md,82
83,Materials and atmospheric systems,Cooling/filtering roof shingle,Combine reflective/evaporative cooling channels with a mycelium-biochar core.,Narrow combination to investigate,A,eco-cool-shingles,README.md,2025-07-20T20:59:52Z,2025-07-20T14:59:52-06:00,Document or interface proposal; claimed capability not independently demonstrated,Material integration candidate; claimed cooling and carbon performance require measurements.,https://pmc.ncbi.nlm.nih.gov/articles/PMC8221617/; https://pmc.ncbi.nlm.nih.gov/articles/PMC6960271/,https://github.com/therickyfoster/eco-cool-shingles/blob/main/README.md,83
84,Materials and atmospheric systems,ThermaLeaf,Combine plant-derived phase-change thermal storage and passive fungal/biochar filtration in wall panels.,Narrow combination to investigate,A,thermaleaf-panels,README.md,2025-07-21T02:15:55Z,2025-07-20T20:15:56-06:00,Document or interface proposal; claimed capability not independently demonstrated,Specific thermal/filter assembly is investigable; no dedicated PCM patent comparison completed.,https://pmc.ncbi.nlm.nih.gov/articles/PMC6960271/,https://github.com/therickyfoster/thermaleaf-panels/blob/main/README.md,84
85,Materials and atmospheric systems,SkyWeave roof system,"Combine solar-thermal roofing, adaptive insulation, airflow and distributed control.",Precedented ingredients / application design,B,planetary-restoration-archive,innovations/water-desalination/skyweave/system_summary.md,2025-07-05T23:29:31Z,2025-07-13T21:50:36-04:00,Document or interface proposal; claimed capability not independently demonstrated,Integrated building envelope proposal; no verified first or full control-system validation.,,https://github.com/therickyfoster/planetary-restoration-archive/blob/main/innovations/water-desalination/skyweave/system_summary.md,85
86,Materials and atmospheric systems,AeroGlass,Peel-and-stick solar-selective window film combined with TiO2/graphene photocatalytic treatment.,Narrow combination to investigate,A,aeroglass-window-film,README.md,2025-07-21T02:22:59Z,2025-07-20T20:22:59-06:00,Document or interface proposal; claimed capability not independently demonstrated,Layer construction and measured tradeoffs are the candidate; no dedicated coating/patent review completed.,,https://github.com/therickyfoster/aeroglass-window-film/blob/main/README.md,86
87,Materials and atmospheric systems,SolarWeave canopy,"Portable PV shade with rain collection, dust capture and rain-assisted cleaning.",Precedented ingredients / application design,B,solarweave-canopy,README.md,2025-07-21T02:21:20Z,2025-07-20T20:21:21-06:00,Document or interface proposal; claimed capability not independently demonstrated,Multi-function product combination; priority and durability remain unverified.,,https://github.com/therickyfoster/solarweave-canopy/blob/main/README.md,87
112,Materials and atmospheric systems,Dual-channel catalytic respirator,Separate intake/exhalation paths with proposed exhalation-reactivated catalyst and optional energy harvesting.,Narrow combination to investigate,A,planetary-restoration-archive,innovations/special-projects/closed-loop-catalytic-respirator/readme.md,2025-07-05T23:29:31Z,2025-07-13T21:50:36-04:00,Document or interface proposal; claimed capability not independently demonstrated,"Potential material/flow architecture; respiratory protection and catalyst regeneration not validated, and dedicated prior-art search remains open.",,https://github.com/therickyfoster/planetary-restoration-archive/blob/main/innovations/special-projects/closed-loop-catalytic-respirator/readme.md,88
88,Consumer ecological products,HydroMoss,Capillary hydrogel reservoir sustains modular living moss mats for cooling and decorative use.,Precedented ingredients / application design,B,hydromoss-mat,README.md,2025-07-21T02:19:37Z,2025-07-20T20:19:38-06:00,Document or interface proposal; claimed capability not independently demonstrated,Reservoir/living-surface design candidate; air-cleaning claims need realistic room-scale tests.,,https://github.com/therickyfoster/hydromoss-mat/blob/main/README.md,89
89,Consumer ecological products,EcoBreath,"Portable plants/moss, biochar and fungi combined with passive airflow or an optional fan.",Precedented ingredients / application design,B,eco-breath-purifier,README.md,2025-07-20T21:00:37Z,2025-07-20T15:00:38-06:00,Document or interface proposal; claimed capability not independently demonstrated,Assembly candidate; no measured clean-air delivery established.,https://pmc.ncbi.nlm.nih.gov/articles/PMC6960271/,https://github.com/therickyfoster/eco-breath-purifier/blob/main/README.md,90
90,Consumer ecological products,PureMist bottle,"Atmospheric collection mesh, fungal/biochar filtration and solar-recharged UV-C cap.",Narrow combination to investigate,A,puremist-bottle,README.md,2025-07-21T02:23:52Z,2025-07-20T20:23:53-06:00,Document or interface proposal; claimed capability not independently demonstrated,Specific portable integration is the candidate; potable output and all-climate claims are unverified.,https://pmc.ncbi.nlm.nih.gov/articles/PMC8221617/,https://github.com/therickyfoster/puremist-bottle/blob/main/README.md,91
91,Consumer ecological products,BioCool pillow,Plant-derived phase-change gel and replaceable fungal/carbon filter inserts.,Precedented ingredients / application design,B,biocool-pillow,README.md,2025-07-21T02:25:12Z,2025-07-20T20:25:13-06:00,Document or interface proposal; claimed capability not independently demonstrated,"Product combination; thermal comfort, exposure and filtration performance unverified.",,https://github.com/therickyfoster/biocool-pillow/blob/main/README.md,92
92,Consumer ecological products,FreshFloor,Snap-lock mycelium/carbon flooring with a hydrophobic surface and optional scent modules.,Precedented ingredients / application design,B,freshfloor-tiles,README.md,2025-07-21T02:27:22Z,2025-07-20T20:27:23-06:00,Document or interface proposal; claimed capability not independently demonstrated,"Material/product integration; permeability, wear and air-treatment tradeoffs need testing.",,https://github.com/therickyfoster/freshfloor-tiles/blob/main/README.md,93
93,Consumer ecological products,BioGlow tiles,Contained bioluminescent organisms and refillable nutrient gel in lighting panels.,Too thin or unresolved,C,bio-glow-tiles,README.md,2025-07-20T20:58:58Z,2025-07-20T14:58:58-06:00,Document or interface proposal; claimed capability not independently demonstrated,"Brightness, organism maintenance and claimed carbon benefit are not demonstrated.",,https://github.com/therickyfoster/bio-glow-tiles/blob/main/README.md,94
94,Consumer ecological products,GlowRoot,"Bioluminescent organisms, mycelium/biochar substrate and capillary watering in a planter.",Too thin or unresolved,C,glowroot-planter,README.md,2025-07-21T02:26:23Z,2025-07-20T20:26:24-06:00,Document or interface proposal; claimed capability not independently demonstrated,Biological glow must not be assumed sufficient for plant growth; proposed integration unvalidated.,,https://github.com/therickyfoster/glowroot-planter/blob/main/README.md,95
95,Consumer ecological products,EcoWave shower head,Fine-mist nozzles with a replaceable fungal/carbon filter and optional aroma module.,Precedented ingredients / application design,B,ecowave-shower-head,README.md,2025-07-21T02:35:08Z,2025-07-20T20:35:08-06:00,Document or interface proposal; claimed capability not independently demonstrated,Product assembly candidate; water-saving and treatment performance unverified.,,https://github.com/therickyfoster/ecowave-shower-head/blob/main/README.md,96
109,Consumer ecological products,SkyHarvest lantern,Solar LED lighting with a proposed biological backup and air-treatment function.,Precedented ingredients / application design,B,skyharvest-lantern,README.md,2025-07-21T02:30:50Z,2025-07-20T20:30:51-06:00,Document or interface proposal; claimed capability not independently demonstrated,Specific product combination; working biological output and air-treatment performance not verified.,,https://github.com/therickyfoster/skyharvest-lantern/blob/main/README.md,97
110,Consumer ecological products,AquaBloom,Condensation-watered miniature garden with a mycelium-carbon base and proposed pollinator support.,Too thin or unresolved,C,aquabloom-bottle-garden,README.md,2025-07-21T02:31:53Z,2025-07-20T20:31:53-06:00,Document or interface proposal; claimed capability not independently demonstrated,A sealed garden cannot automatically provide pollinator access or substantial room-air exchange; the integration needs clarification.,,https://github.com/therickyfoster/aquabloom-bottle-garden/blob/main/README.md,98
111,Consumer ecological products,BioLume,Bioluminescent lighting proposed to coordinate with circadian rhythms.,Too thin or unresolved,C,planetary-restoration-archive,innovations/biosphere-climate/biolume/system_summary.md,2025-07-05T23:29:31Z,2025-07-13T21:50:36-04:00,Document or interface proposal; claimed capability not independently demonstrated,"Control method, useful illumination and biological maintenance not demonstrated.",,https://github.com/therickyfoster/planetary-restoration-archive/blob/main/innovations/biosphere-climate/biolume/system_summary.md,99
96,Frontier concepts and labels,Equatoriology,"Group equatorial energy, matter, ecological and information flows into a proposed research framework.",Too thin or unresolved,C,equatoriology,README.md,2025-12-04T11:08:53Z,2025-12-04T06:25:32-05:00,Document or interface proposal; claimed capability not independently demonstrated,A naming/synthesis proposal; recognition as a separate scientific discipline not established.,,https://github.com/therickyfoster/equatoriology/blob/main/README.md,100
97,Frontier concepts and labels,Cosmic-cycle ecological framework,Hypothesize links between large-scale natural cycles and ecological restoration strategy.,Speculative; capability unestablished,S,Geo-Ecological-Resonant-Engineering-GERE-,README.md,2025-07-13T22:36:16Z,2025-07-13T16:36:16-06:00,Document or interface proposal; claimed capability not independently demonstrated,"A hypothesis framework, not a demonstrated new physical effect or forecasting capability.",,https://github.com/therickyfoster/Geo-Ecological-Resonant-Engineering-GERE-/blob/main/README.md,101
98,Frontier concepts and labels,Arterial-cleaning nanorobots,Propose targeted intravascular plaque-clearing devices.,Speculative; capability unestablished,S,VascuSweep,README.md,2025-06-28T06:43:08Z,2025-06-28T02:39:22-04:00,Document or interface proposal; claimed capability not independently demonstrated,Targeted plaque nanotherapy has predecessors; operational nanorobots not demonstrated in the export.,https://med.stanford.edu/cvi/mission/news_center/articles_announcements/2024/trojan-horse-therapy-targets-heart-disease-without-harmful-side-effects.html,https://github.com/therickyfoster/VascuSweep/blob/main/README.md,102
99,Frontier concepts and labels,ViraBloom,Propose coordinated engineered biological vectors for large-scale microbiome restoration.,Speculative; capability unestablished,S,planetary-restoration-archive,innovations/virabloom/system_summary.md,2025-07-05T23:29:31Z,2025-07-13T16:15:58-04:00,Document or interface proposal; claimed capability not independently demonstrated,"Mechanism, containment and benefit not established; not counted as a functioning restoration technology.",,https://github.com/therickyfoster/planetary-restoration-archive/blob/main/innovations/virabloom/system_summary.md,103
100,Frontier concepts and labels,StratoWeave,"Combine giant air-treatment towers, renewable energy and proposed rainfall/climate control.",Speculative; capability unestablished,S,stratoweave-towers,README.md,2025-07-21T02:35:56Z,2025-07-20T20:35:56-06:00,Document or interface proposal; claimed capability not independently demonstrated,"No validated scale, energy budget or regional climate performance.",,https://github.com/therickyfoster/stratoweave-towers/blob/main/README.md,104
101,Frontier concepts and labels,Aurora Spire,"Propose high-altitude energy collection, power transmission and auroral climate shielding.",Speculative; capability unestablished,S,aurora-spire-network,README.md,2025-07-21T02:38:44Z,2025-07-20T20:38:44-06:00,Document or interface proposal; claimed capability not independently demonstrated,Claimed energy/field capabilities unsupported by a demonstrated engineering system.,,https://github.com/therickyfoster/aurora-spire-network/blob/main/README.md,105
102,Frontier concepts and labels,Eclipsera Veil,Propose orbital solar-shading infrastructure.,Speculative; capability unestablished,S,eclipsera-veil,README.md,2025-07-21T02:39:59Z,2025-07-20T20:39:59-06:00,Document or interface proposal; claimed capability not independently demonstrated,Architecture-level idea; no exhaustive orbital sunshade prior-art search performed here.,,https://github.com/therickyfoster/eclipsera-veil/blob/main/README.md,106
103,Frontier concepts and labels,Agitation Pressure Drive,Propose propulsion based on controlled agitation and pressure dynamics.,Speculative; capability unestablished,S,AgitationPressureDrive,README.md,2025-06-29T22:39:42Z,2025-06-29T18:28:34-04:00,Document or interface proposal; claimed capability not independently demonstrated,Require externally measured thrust and full momentum/energy accounting; no validated propulsion breakthrough established.,,https://github.com/therickyfoster/AgitationPressureDrive/blob/main/README.md,107
104,Frontier concepts and labels,PhaseDrive,Propose phase-related propulsion/control architecture.,Speculative; capability unestablished,S,PhaseDrive,README.md,2025-06-29T21:22:08Z,2025-06-29T15:22:08-06:00,Document or interface proposal; claimed capability not independently demonstrated,Conceptual claims do not establish a new physical mechanism.,,https://github.com/therickyfoster/PhaseDrive/blob/main/README.md,108
105,Frontier concepts and labels,SkySpiral Lift Dome,Propose passive lift from thermodynamic spiral airflow.,Speculative; capability unestablished,S,planetary-restoration-archive,innovations/atmospheric-aerial/SkySpiral_Lift_Dome/system_summary.md,2025-07-05T23:29:31Z,2025-07-13T21:50:36-04:00,Document or interface proposal; claimed capability not independently demonstrated,Need buoyancy/flow and power measurements; short summary does not establish capability.,,https://github.com/therickyfoster/planetary-restoration-archive/blob/main/innovations/atmospheric-aerial/SkySpiral_Lift_Dome/system_summary.md,109
106,Frontier concepts and labels,Primordis Architect,Speculative planetary/cosmic construction architecture.,Speculative; capability unestablished,S,primordis-architect,README.md,2025-07-21T02:42:55Z,2025-07-20T20:42:56-06:00,Document or interface proposal; claimed capability not independently demonstrated,"Creative speculation, not a demonstrated scientific first.",,https://github.com/therickyfoster/primordis-architect/blob/main/README.md,110
107,Frontier concepts and labels,Origin Singularity Forge,Speculative large-scale origin/creation system.,Speculative; capability unestablished,S,origin-singularity-forge,README.md,2025-07-21T02:43:43Z,2025-07-20T20:43:43-06:00,Document or interface proposal; claimed capability not independently demonstrated,Insufficient operational mechanism or experimental evidence for technological priority.,,https://github.com/therickyfoster/origin-singularity-forge/blob/main/README.md,111
108,Frontier concepts and labels,Nullis Prism Nexus,Speculative frontier architecture described in the archive.,Speculative; capability unestablished,S,nullis-prism-nexus,README.md,2025-07-21T02:45:25Z,2025-07-20T20:45:26-06:00,Document or interface proposal; claimed capability not independently demonstrated,Treat as conceptual writing; a distinctive name does not establish scientific priority.,,https://github.com/therickyfoster/nullis-prism-nexus/blob/main/README.md,112
113,Frontier concepts and labels,Stellar Loom Gateways,Speculative stellar-energy and interstellar transport network.,Speculative; capability unestablished,S,stellar-loom-gateways,README.md,2025-07-21T02:40:49Z,2025-07-20T20:40:49-06:00,Document or interface proposal; claimed capability not independently demonstrated,Conceptual writing; neither transport capability nor novel physics demonstrated.,,https://github.com/therickyfoster/stellar-loom-gateways/blob/main/README.md,113
